[
    {
        "id": "bac4d2ea396246ac",
        "type": "tab",
        "label": "Server Side GymFuelX",
        "disabled": false,
        "info": "",
        "env": []
    },
    {
        "id": "1221905082f9700b",
        "type": "comment",
        "z": "bac4d2ea396246ac",
        "name": "/user/{userID}/gymprogram",
        "info": "",
        "x": 170,
        "y": 60,
        "wires": []
    },
    {
        "id": "1c80846a2dab156e",
        "type": "http in",
        "z": "bac4d2ea396246ac",
        "name": "Get gymprogram",
        "url": "/user/:userID/gymprogram",
        "method": "get",
        "upload": false,
        "swaggerDoc": "",
        "x": 140,
        "y": 120,
        "wires": [
            [
                "73b4953889b8197a"
            ]
        ]
    },
    {
        "id": "73b4953889b8197a",
        "type": "function",
        "z": "bac4d2ea396246ac",
        "name": "getParams",
        "func": "msg.payload = msg.req.params;\nreturn msg;",
        "outputs": 1,
        "noerr": 0,
        "initialize": "",
        "finalize": "",
        "libs": [],
        "x": 350,
        "y": 120,
        "wires": [
            [
                "f89e92a0c976909d"
            ]
        ]
    },
    {
        "id": "41f44456a25db834",
        "type": "debug",
        "z": "bac4d2ea396246ac",
        "name": "msg.payload",
        "active": true,
        "tosidebar": true,
        "console": false,
        "tostatus": false,
        "complete": "payload",
        "targetType": "msg",
        "statusVal": "",
        "statusType": "auto",
        "x": 1070,
        "y": 200,
        "wires": []
    },
    {
        "id": "04b8e45cfa7f9a22",
        "type": "http response",
        "z": "bac4d2ea396246ac",
        "name": "gymprogram response",
        "statusCode": "",
        "headers": {},
        "x": 1100,
        "y": 120,
        "wires": []
    },
    {
        "id": "2d6dd0e6ee326c51",
        "type": "function",
        "z": "bac4d2ea396246ac",
        "name": "CreateGymprogramResponse",
        "func": "msg.headers = {\n};\nmsg.statusCode = 200;\nmsg.description = \"Successful operation\";\nreturn msg;\n",
        "outputs": 1,
        "noerr": 0,
        "initialize": "",
        "finalize": "",
        "libs": [],
        "x": 790,
        "y": 120,
        "wires": [
            [
                "04b8e45cfa7f9a22",
                "41f44456a25db834"
            ]
        ]
    },
    {
        "id": "59916f7f06ca359e",
        "type": "comment",
        "z": "bac4d2ea396246ac",
        "name": "/nutritionist/{nutritionistID}/report",
        "info": "",
        "x": 190,
        "y": 280,
        "wires": []
    },
    {
        "id": "5d47ab50a5349295",
        "type": "http in",
        "z": "bac4d2ea396246ac",
        "name": "GET recipe reports",
        "url": "/nutritionist/:NutritionistID/report",
        "method": "get",
        "upload": false,
        "swaggerDoc": "",
        "x": 150,
        "y": 360,
        "wires": [
            [
                "8f08fb4ae8250899"
            ]
        ]
    },
    {
        "id": "8f08fb4ae8250899",
        "type": "function",
        "z": "bac4d2ea396246ac",
        "name": "getParams",
        "func": "msg.payload = msg.req.params;\nreturn msg;",
        "outputs": 1,
        "noerr": 0,
        "initialize": "",
        "finalize": "",
        "libs": [],
        "x": 350,
        "y": 360,
        "wires": [
            [
                "98c75365ba43bfc9"
            ]
        ]
    },
    {
        "id": "98c75365ba43bfc9",
        "type": "mongodb in",
        "z": "bac4d2ea396246ac",
        "mongodb": "",
        "name": "GymFoodDB",
        "collection": "",
        "operation": "find",
        "x": 550,
        "y": 360,
        "wires": [
            [
                "41ece289a9c38a13"
            ]
        ]
    },
    {
        "id": "e79b56087add1b6d",
        "type": "http response",
        "z": "bac4d2ea396246ac",
        "name": "Recipes Reports response",
        "statusCode": "",
        "headers": {},
        "x": 1140,
        "y": 360,
        "wires": []
    },
    {
        "id": "41ece289a9c38a13",
        "type": "function",
        "z": "bac4d2ea396246ac",
        "name": "CreateRecipesReportsResponse",
        "func": "msg.headers = {\n};\nmsg.statusCode = 200;\nmsg.description = \"Successful operation\";\nreturn msg;\n",
        "outputs": 1,
        "noerr": 0,
        "initialize": "",
        "finalize": "",
        "libs": [],
        "x": 800,
        "y": 360,
        "wires": [
            [
                "e79b56087add1b6d",
                "8db53b9a37deefce"
            ]
        ]
    },
    {
        "id": "8db53b9a37deefce",
        "type": "debug",
        "z": "bac4d2ea396246ac",
        "name": "msg.payload",
        "active": true,
        "tosidebar": true,
        "console": false,
        "tostatus": false,
        "complete": "payload",
        "targetType": "msg",
        "statusVal": "",
        "statusType": "auto",
        "x": 1090,
        "y": 480,
        "wires": []
    },
    {
        "id": "3fdd60c233ce3b14",
        "type": "http in",
        "z": "bac4d2ea396246ac",
        "name": "PUT recipe report",
        "url": "/nutritionist/:NutritionistID/report/:reportID",
        "method": "put",
        "upload": false,
        "swaggerDoc": "",
        "x": 140,
        "y": 820,
        "wires": [
            [
                "397986a034cd5ceb"
            ]
        ]
    },
    {
        "id": "76f1c4ebf0849f0a",
        "type": "mongodb out",
        "z": "bac4d2ea396246ac",
        "mongodb": "",
        "name": "GymFoodDB",
        "collection": "",
        "payonly": false,
        "upsert": false,
        "multi": false,
        "operation": "update",
        "x": 650,
        "y": 900,
        "wires": []
    },
    {
        "id": "397986a034cd5ceb",
        "type": "function",
        "z": "bac4d2ea396246ac",
        "name": "getParams-Queries",
        "func": "msg.payload = {\n    nutritionistID: msg.req.params.nutritionistID,\n    reportID: msg.req.params.reportID,\n    query: msg.req.query\n};\nreturn msg;",
        "outputs": 1,
        "noerr": 0,
        "initialize": "",
        "finalize": "",
        "libs": [],
        "x": 390,
        "y": 820,
        "wires": [
            [
                "76f1c4ebf0849f0a",
                "9b0b256fa9e056c7"
            ]
        ]
    },
    {
        "id": "817a2ffa57c71384",
        "type": "debug",
        "z": "bac4d2ea396246ac",
        "name": "msg.payload",
        "active": true,
        "tosidebar": true,
        "console": false,
        "tostatus": false,
        "complete": "payload",
        "targetType": "msg",
        "statusVal": "",
        "statusType": "auto",
        "x": 1030,
        "y": 900,
        "wires": []
    },
    {
        "id": "1e3df3797b2db6f9",
        "type": "http response",
        "z": "bac4d2ea396246ac",
        "name": "Update Recipe Response",
        "statusCode": "",
        "headers": {},
        "x": 1070,
        "y": 820,
        "wires": []
    },
    {
        "id": "9b0b256fa9e056c7",
        "type": "function",
        "z": "bac4d2ea396246ac",
        "name": "CreateRecipeReportResponse",
        "func": "msg.headers = {\n};\nmsg.statusCode = 200;\nmsg.description = \"Successful Recipe Report is updated\";\nreturn msg;\n",
        "outputs": 1,
        "noerr": 0,
        "initialize": "",
        "finalize": "",
        "libs": [],
        "x": 710,
        "y": 820,
        "wires": [
            [
                "1e3df3797b2db6f9",
                "817a2ffa57c71384"
            ]
        ]
    },
    {
        "id": "add3e2247fc7211a",
        "type": "http in",
        "z": "bac4d2ea396246ac",
        "name": "DELETE recipe report",
        "url": "/nutritionist/:NutritionistID/report/:reportID",
        "method": "delete",
        "upload": false,
        "swaggerDoc": "",
        "x": 160,
        "y": 1060,
        "wires": [
            [
                "0563558261fca309"
            ]
        ]
    },
    {
        "id": "d10e87e8fb6f0cac",
        "type": "mongodb out",
        "z": "bac4d2ea396246ac",
        "mongodb": "",
        "name": "GymFoodDB",
        "collection": "",
        "payonly": false,
        "upsert": false,
        "multi": false,
        "operation": "delete",
        "x": 670,
        "y": 1140,
        "wires": []
    },
    {
        "id": "0563558261fca309",
        "type": "function",
        "z": "bac4d2ea396246ac",
        "name": "getParams",
        "func": "msg.payload = msg.req.params;\nreturn msg;\n",
        "outputs": 1,
        "noerr": 0,
        "initialize": "",
        "finalize": "",
        "libs": [],
        "x": 410,
        "y": 1060,
        "wires": [
            [
                "d10e87e8fb6f0cac",
                "930c361de4296aa5"
            ]
        ]
    },
    {
        "id": "cba0a96aacb96db7",
        "type": "debug",
        "z": "bac4d2ea396246ac",
        "name": "msg.payload",
        "active": true,
        "tosidebar": true,
        "console": false,
        "tostatus": false,
        "complete": "payload",
        "targetType": "msg",
        "statusVal": "",
        "statusType": "auto",
        "x": 1010,
        "y": 1140,
        "wires": []
    },
    {
        "id": "4d8f12fa7c9ccb17",
        "type": "http response",
        "z": "bac4d2ea396246ac",
        "name": "Delete Recipe Report Response",
        "statusCode": "",
        "headers": {},
        "x": 1090,
        "y": 1060,
        "wires": []
    },
    {
        "id": "930c361de4296aa5",
        "type": "function",
        "z": "bac4d2ea396246ac",
        "name": "CreateRecipeReportResponse",
        "func": "msg.headers = {\n};\nmsg.statusCode = 200;\nmsg.description = \"Successful Recipe Report is deleted\";\nreturn msg;\n",
        "outputs": 1,
        "noerr": 0,
        "initialize": "",
        "finalize": "",
        "libs": [],
        "x": 730,
        "y": 1060,
        "wires": [
            [
                "4d8f12fa7c9ccb17",
                "cba0a96aacb96db7"
            ]
        ]
    },
    {
        "id": "f89e92a0c976909d",
        "type": "mongodb in",
        "z": "bac4d2ea396246ac",
        "mongodb": "",
        "name": "GymFoodDB",
        "collection": "",
        "operation": "find",
        "x": 550,
        "y": 120,
        "wires": [
            [
                "2d6dd0e6ee326c51"
            ]
        ]
    },
    {
        "id": "934b5b11f1d2b742",
        "type": "comment",
        "z": "bac4d2ea396246ac",
        "name": "/nutritionist/{nutritionistID}/report:reportID",
        "info": "",
        "x": 220,
        "y": 520,
        "wires": []
    },
    {
        "id": "aecd01fcc8f970ad",
        "type": "http in",
        "z": "bac4d2ea396246ac",
        "name": "GET recipe report",
        "url": "/nutritionist/:NutritionistID/report/:reportID",
        "method": "get",
        "upload": false,
        "swaggerDoc": "",
        "x": 150,
        "y": 600,
        "wires": [
            [
                "d250a60a1f2f2e4c"
            ]
        ]
    },
    {
        "id": "d250a60a1f2f2e4c",
        "type": "function",
        "z": "bac4d2ea396246ac",
        "name": "getParams",
        "func": "msg.payload = msg.req.params;\nreturn msg;",
        "outputs": 1,
        "noerr": 0,
        "initialize": "",
        "finalize": "",
        "libs": [],
        "x": 370,
        "y": 600,
        "wires": [
            [
                "4a7b4e0eaca72f7a"
            ]
        ]
    },
    {
        "id": "4a7b4e0eaca72f7a",
        "type": "mongodb in",
        "z": "bac4d2ea396246ac",
        "mongodb": "",
        "name": "GymFoodDB",
        "collection": "",
        "operation": "find",
        "x": 550,
        "y": 600,
        "wires": [
            [
                "ed2e4ef5a760e80d"
            ]
        ]
    },
    {
        "id": "c72f68a5ca756005",
        "type": "http response",
        "z": "bac4d2ea396246ac",
        "name": "Recipe Report response",
        "statusCode": "",
        "headers": {},
        "x": 1130,
        "y": 600,
        "wires": []
    },
    {
        "id": "ed2e4ef5a760e80d",
        "type": "function",
        "z": "bac4d2ea396246ac",
        "name": "CreateRecipeReportResponse",
        "func": "msg.headers = {\n};\nmsg.statusCode = 200;\nmsg.description = \"Successful operation\";\nreturn msg;\n",
        "outputs": 1,
        "noerr": 0,
        "initialize": "",
        "finalize": "",
        "libs": [],
        "x": 790,
        "y": 600,
        "wires": [
            [
                "c72f68a5ca756005",
                "ebada9aa74ab07c4"
            ]
        ]
    },
    {
        "id": "ebada9aa74ab07c4",
        "type": "debug",
        "z": "bac4d2ea396246ac",
        "name": "msg.payload",
        "active": true,
        "tosidebar": true,
        "console": false,
        "tostatus": false,
        "complete": "payload",
        "targetType": "msg",
        "statusVal": "",
        "statusType": "auto",
        "x": 1110,
        "y": 720,
        "wires": []
    },
    {
        "id": "b0cd9b318429996a",
        "type": "comment",
        "z": "bac4d2ea396246ac",
        "name": "/nutritionist/{nutritionistID}/recipe",
        "info": "",
        "x": 190,
        "y": 1220,
        "wires": []
    },
    {
        "id": "76906aedad691eec",
        "type": "http in",
        "z": "bac4d2ea396246ac",
        "name": "POST recipe",
        "url": "/nutritionist/:NutritionistID/recipe",
        "method": "post",
        "upload": false,
        "swaggerDoc": "",
        "x": 130,
        "y": 1300,
        "wires": [
            [
                "b9bb232c84e42960"
            ]
        ]
    },
    {
        "id": "7d93888b23929393",
        "type": "mongodb out",
        "z": "bac4d2ea396246ac",
        "mongodb": "",
        "name": "GymFoodDB",
        "collection": "",
        "payonly": false,
        "upsert": false,
        "multi": false,
        "operation": "store",
        "x": 670,
        "y": 1360,
        "wires": []
    },
    {
        "id": "b9bb232c84e42960",
        "type": "function",
        "z": "bac4d2ea396246ac",
        "name": "getParams-Query",
        "func": "msg.payload = {\n    nutritionistID: msg.req.params.nutritionistID,\n    query: msg.req.query\n};\nreturn msg;",
        "outputs": 1,
        "noerr": 0,
        "initialize": "",
        "finalize": "",
        "libs": [],
        "x": 410,
        "y": 1300,
        "wires": [
            [
                "7d93888b23929393",
                "3cd2834229fed4d0"
            ]
        ]
    },
    {
        "id": "327c82ee9217142f",
        "type": "debug",
        "z": "bac4d2ea396246ac",
        "name": "msg.payload",
        "active": true,
        "tosidebar": true,
        "console": false,
        "tostatus": false,
        "complete": "payload",
        "targetType": "msg",
        "statusVal": "",
        "statusType": "auto",
        "x": 970,
        "y": 1380,
        "wires": []
    },
    {
        "id": "ede8e9b4ebe16728",
        "type": "http response",
        "z": "bac4d2ea396246ac",
        "name": "Recipe response",
        "statusCode": "",
        "headers": {},
        "x": 990,
        "y": 1300,
        "wires": []
    },
    {
        "id": "3cd2834229fed4d0",
        "type": "function",
        "z": "bac4d2ea396246ac",
        "name": "CreateRecipeResponse",
        "func": "msg.headers = {\n};\nmsg.statusCode = 200;\nmsg.description = \"Recipe succesfully added\";\nreturn msg;\n",
        "outputs": 1,
        "noerr": 0,
        "initialize": "",
        "finalize": "",
        "libs": [],
        "x": 710,
        "y": 1300,
        "wires": [
            [
                "ede8e9b4ebe16728",
                "327c82ee9217142f"
            ]
        ]
    },
    {
        "id": "a48f0738ae2e699e",
        "type": "comment",
        "z": "bac4d2ea396246ac",
        "name": "/nutritionist/{nutritionistID}/{recipeID}",
        "info": "",
        "x": 200,
        "y": 1440,
        "wires": []
    },
    {
        "id": "334eb1a09a824658",
        "type": "http in",
        "z": "bac4d2ea396246ac",
        "name": "GET recipe",
        "url": "/nutritionist/:NutritionistID/:recipeID",
        "method": "get",
        "upload": false,
        "swaggerDoc": "",
        "x": 130,
        "y": 1520,
        "wires": [
            [
                "f57c58f533dc14b8"
            ]
        ]
    },
    {
        "id": "f57c58f533dc14b8",
        "type": "function",
        "z": "bac4d2ea396246ac",
        "name": "getParams",
        "func": "msg.payload = msg.req.params;\nreturn msg;",
        "outputs": 1,
        "noerr": 0,
        "initialize": "",
        "finalize": "",
        "libs": [],
        "x": 330,
        "y": 1520,
        "wires": [
            [
                "575ad78084fef719"
            ]
        ]
    },
    {
        "id": "575ad78084fef719",
        "type": "mongodb in",
        "z": "bac4d2ea396246ac",
        "mongodb": "",
        "name": "GymFoodDB",
        "collection": "",
        "operation": "find",
        "x": 570,
        "y": 1520,
        "wires": [
            [
                "9e085e7b71f2f080"
            ]
        ]
    },
    {
        "id": "b0853adc10844ea8",
        "type": "http response",
        "z": "bac4d2ea396246ac",
        "name": "Recipe response",
        "statusCode": "",
        "headers": {},
        "x": 1110,
        "y": 1520,
        "wires": []
    },
    {
        "id": "9e085e7b71f2f080",
        "type": "function",
        "z": "bac4d2ea396246ac",
        "name": "CreateRecipeResponse",
        "func": "msg.headers = {\n};\nmsg.statusCode = 200;\nmsg.description = \"Successful operation\";\nreturn msg;\n",
        "outputs": 1,
        "noerr": 0,
        "initialize": "",
        "finalize": "",
        "libs": [],
        "x": 830,
        "y": 1520,
        "wires": [
            [
                "b0853adc10844ea8",
                "c13b8f5ec3e0217c"
            ]
        ]
    },
    {
        "id": "c13b8f5ec3e0217c",
        "type": "debug",
        "z": "bac4d2ea396246ac",
        "name": "msg.payload",
        "active": true,
        "tosidebar": true,
        "console": false,
        "tostatus": false,
        "complete": "payload",
        "targetType": "msg",
        "statusVal": "",
        "statusType": "auto",
        "x": 1110,
        "y": 1620,
        "wires": []
    },
    {
        "id": "fd211bb08e3505c1",
        "type": "http in",
        "z": "bac4d2ea396246ac",
        "name": "PUT recipe",
        "url": "/nutritionist/:NutritionistID/:recipeID",
        "method": "put",
        "upload": false,
        "swaggerDoc": "",
        "x": 120,
        "y": 1700,
        "wires": [
            [
                "3473a87ff8960327"
            ]
        ]
    },
    {
        "id": "8b563d4fbcd3ea8c",
        "type": "mongodb out",
        "z": "bac4d2ea396246ac",
        "mongodb": "",
        "name": "GymFoodDB",
        "collection": "",
        "payonly": false,
        "upsert": false,
        "multi": false,
        "operation": "update",
        "x": 630,
        "y": 1780,
        "wires": []
    },
    {
        "id": "3473a87ff8960327",
        "type": "function",
        "z": "bac4d2ea396246ac",
        "name": "getParams-Query",
        "func": "msg.payload = {\n    nutritionistID: msg.req.params.nutritionistID,\n    recipeID: msg.req.params.recipeID,\n    query: msg.req.query\n};\nreturn msg;",
        "outputs": 1,
        "noerr": 0,
        "initialize": "",
        "finalize": "",
        "libs": [],
        "x": 370,
        "y": 1700,
        "wires": [
            [
                "8b563d4fbcd3ea8c",
                "0acd73106d6dfcf4"
            ]
        ]
    },
    {
        "id": "c7fbc4ab22760ad2",
        "type": "debug",
        "z": "bac4d2ea396246ac",
        "name": "msg.payload",
        "active": true,
        "tosidebar": true,
        "console": false,
        "tostatus": false,
        "complete": "payload",
        "targetType": "msg",
        "statusVal": "",
        "statusType": "auto",
        "x": 970,
        "y": 1780,
        "wires": []
    },
    {
        "id": "a5e3b7db95c4f06e",
        "type": "http response",
        "z": "bac4d2ea396246ac",
        "name": "PutResponse",
        "statusCode": "",
        "headers": {},
        "x": 1000,
        "y": 1700,
        "wires": []
    },
    {
        "id": "0acd73106d6dfcf4",
        "type": "function",
        "z": "bac4d2ea396246ac",
        "name": "CreatePutResponse",
        "func": "msg.headers = {\n};\nmsg.statusCode = 200;\nmsg.description = \"Successful Recipe is updated\";\nreturn msg;\n",
        "outputs": 1,
        "noerr": 0,
        "initialize": "",
        "finalize": "",
        "libs": [],
        "x": 660,
        "y": 1700,
        "wires": [
            [
                "a5e3b7db95c4f06e",
                "c7fbc4ab22760ad2"
            ]
        ]
    },
    {
        "id": "e988151225e068f7",
        "type": "http in",
        "z": "bac4d2ea396246ac",
        "name": "DELETE recipe",
        "url": "/nutritionist/:NutritionistID/:recipeID",
        "method": "delete",
        "upload": false,
        "swaggerDoc": "",
        "x": 140,
        "y": 1860,
        "wires": [
            [
                "5505bba21bb0f91f"
            ]
        ]
    },
    {
        "id": "c83109c517bdc4f6",
        "type": "mongodb out",
        "z": "bac4d2ea396246ac",
        "mongodb": "",
        "name": "GymFoodDB",
        "collection": "",
        "payonly": false,
        "upsert": false,
        "multi": false,
        "operation": "delete",
        "x": 630,
        "y": 1940,
        "wires": []
    },
    {
        "id": "5505bba21bb0f91f",
        "type": "function",
        "z": "bac4d2ea396246ac",
        "name": "getParams",
        "func": "msg.payload = msg.req.params;\nreturn msg;\n",
        "outputs": 1,
        "noerr": 0,
        "initialize": "",
        "finalize": "",
        "libs": [],
        "x": 410,
        "y": 1860,
        "wires": [
            [
                "c83109c517bdc4f6",
                "4f133f1f2b37efdd"
            ]
        ]
    },
    {
        "id": "b4217ee107afb25d",
        "type": "debug",
        "z": "bac4d2ea396246ac",
        "name": "msg.payload",
        "active": true,
        "tosidebar": true,
        "console": false,
        "tostatus": false,
        "complete": "payload",
        "targetType": "msg",
        "statusVal": "",
        "statusType": "auto",
        "x": 970,
        "y": 1940,
        "wires": []
    },
    {
        "id": "219ba8246fa9a26a",
        "type": "http response",
        "z": "bac4d2ea396246ac",
        "name": "DeleteResponse",
        "statusCode": "",
        "headers": {},
        "x": 1010,
        "y": 1860,
        "wires": []
    },
    {
        "id": "4f133f1f2b37efdd",
        "type": "function",
        "z": "bac4d2ea396246ac",
        "name": "CreateDeleteResponse",
        "func": "msg.headers = {\n};\nmsg.statusCode = 200;\nmsg.description = \"Successful Recipe is deleted\";\nreturn msg;\n",
        "outputs": 1,
        "noerr": 0,
        "initialize": "",
        "finalize": "",
        "libs": [],
        "x": 670,
        "y": 1860,
        "wires": [
            [
                "219ba8246fa9a26a",
                "b4217ee107afb25d"
            ]
        ]
    },
    {
        "id": "8c8f8136c90d18fc",
        "type": "comment",
        "z": "bac4d2ea396246ac",
        "name": "/trainer/{trainerID}/report",
        "info": "",
        "x": 170,
        "y": 2020,
        "wires": []
    },
    {
        "id": "3b0ffc80424d3371",
        "type": "http in",
        "z": "bac4d2ea396246ac",
        "name": "GET reports",
        "url": "/trainer/:trainerID/report",
        "method": "get",
        "upload": false,
        "swaggerDoc": "",
        "x": 130,
        "y": 2100,
        "wires": [
            [
                "8d4123e43b988b5a"
            ]
        ]
    },
    {
        "id": "8d4123e43b988b5a",
        "type": "function",
        "z": "bac4d2ea396246ac",
        "name": "getParams",
        "func": "msg.payload = msg.req.params;\nreturn msg;",
        "outputs": 1,
        "noerr": 0,
        "initialize": "",
        "finalize": "",
        "libs": [],
        "x": 350,
        "y": 2100,
        "wires": [
            [
                "1c78a5125782e718"
            ]
        ]
    },
    {
        "id": "1c78a5125782e718",
        "type": "mongodb in",
        "z": "bac4d2ea396246ac",
        "mongodb": "",
        "name": "GymFoodDB",
        "collection": "",
        "operation": "find",
        "x": 570,
        "y": 2100,
        "wires": [
            [
                "cc18d2864ac3b9d4"
            ]
        ]
    },
    {
        "id": "416e716e3ed585e3",
        "type": "http response",
        "z": "bac4d2ea396246ac",
        "name": "All Reports response",
        "statusCode": "",
        "headers": {},
        "x": 1120,
        "y": 2100,
        "wires": []
    },
    {
        "id": "cc18d2864ac3b9d4",
        "type": "function",
        "z": "bac4d2ea396246ac",
        "name": "CreateReportsResponse",
        "func": "msg.headers = {\n};\nmsg.statusCode = 200;\nmsg.description = \"Successful operation\";\nreturn msg;\n",
        "outputs": 1,
        "noerr": 0,
        "initialize": "",
        "finalize": "",
        "libs": [],
        "x": 830,
        "y": 2100,
        "wires": [
            [
                "416e716e3ed585e3",
                "ab436c8fdd85e11b"
            ]
        ]
    },
    {
        "id": "ab436c8fdd85e11b",
        "type": "debug",
        "z": "bac4d2ea396246ac",
        "name": "msg.payload",
        "active": true,
        "tosidebar": true,
        "console": false,
        "tostatus": false,
        "complete": "payload",
        "targetType": "msg",
        "statusVal": "",
        "statusType": "auto",
        "x": 1110,
        "y": 2200,
        "wires": []
    },
    {
        "id": "de46c1d02842e49b",
        "type": "http in",
        "z": "bac4d2ea396246ac",
        "name": "PUT report",
        "url": "/trainer/:trainerID/report/:reportID",
        "method": "put",
        "upload": false,
        "swaggerDoc": "",
        "x": 120,
        "y": 2520,
        "wires": [
            [
                "4273cf21e9224224"
            ]
        ]
    },
    {
        "id": "3e05d2593e709bf6",
        "type": "mongodb out",
        "z": "bac4d2ea396246ac",
        "mongodb": "",
        "name": "GymFoodDB",
        "collection": "",
        "payonly": false,
        "upsert": false,
        "multi": false,
        "operation": "update",
        "x": 650,
        "y": 2600,
        "wires": []
    },
    {
        "id": "4273cf21e9224224",
        "type": "function",
        "z": "bac4d2ea396246ac",
        "name": "getParams-Query",
        "func": "msg.payload = {\n    trainerID: msg.req.params.trainerID,\n    reportID: msg.req.params.reportID,\n    query: msg.req.query\n};\nreturn msg;",
        "outputs": 1,
        "noerr": 0,
        "initialize": "",
        "finalize": "",
        "libs": [],
        "x": 390,
        "y": 2520,
        "wires": [
            [
                "3e05d2593e709bf6",
                "812b67c0e31e5d1d"
            ]
        ]
    },
    {
        "id": "f11ff23ced7e61d2",
        "type": "debug",
        "z": "bac4d2ea396246ac",
        "name": "msg.payload",
        "active": true,
        "tosidebar": true,
        "console": false,
        "tostatus": false,
        "complete": "payload",
        "targetType": "msg",
        "statusVal": "",
        "statusType": "auto",
        "x": 930,
        "y": 2600,
        "wires": []
    },
    {
        "id": "1fa2e165e3f6bb59",
        "type": "http response",
        "z": "bac4d2ea396246ac",
        "name": "PutResponse",
        "statusCode": "",
        "headers": {},
        "x": 960,
        "y": 2520,
        "wires": []
    },
    {
        "id": "812b67c0e31e5d1d",
        "type": "function",
        "z": "bac4d2ea396246ac",
        "name": "CreatePutResponse",
        "func": "msg.headers = {\n};\nmsg.statusCode = 200;\nmsg.description = \"Successful Gym Program Report is updated\";\nreturn msg;\n",
        "outputs": 1,
        "noerr": 0,
        "initialize": "",
        "finalize": "",
        "libs": [],
        "x": 680,
        "y": 2520,
        "wires": [
            [
                "1fa2e165e3f6bb59",
                "f11ff23ced7e61d2"
            ]
        ]
    },
    {
        "id": "17af7630bd425f41",
        "type": "http in",
        "z": "bac4d2ea396246ac",
        "name": "DELETE report",
        "url": "/trainer/:trainerID/report/:reportID",
        "method": "delete",
        "upload": false,
        "swaggerDoc": "",
        "x": 140,
        "y": 2680,
        "wires": [
            [
                "fba39e957193765c"
            ]
        ]
    },
    {
        "id": "3287799ac0e655c3",
        "type": "mongodb out",
        "z": "bac4d2ea396246ac",
        "mongodb": "",
        "name": "GymFoodDB",
        "collection": "",
        "payonly": false,
        "upsert": false,
        "multi": false,
        "operation": "delete",
        "x": 650,
        "y": 2760,
        "wires": []
    },
    {
        "id": "fba39e957193765c",
        "type": "function",
        "z": "bac4d2ea396246ac",
        "name": "getParams",
        "func": "msg.payload = msg.req.params;\nreturn msg;\n",
        "outputs": 1,
        "noerr": 0,
        "initialize": "",
        "finalize": "",
        "libs": [],
        "x": 410,
        "y": 2680,
        "wires": [
            [
                "3287799ac0e655c3",
                "4beca7bc1b56bd32"
            ]
        ]
    },
    {
        "id": "565412a0e0cd842d",
        "type": "debug",
        "z": "bac4d2ea396246ac",
        "name": "msg.payload",
        "active": true,
        "tosidebar": true,
        "console": false,
        "tostatus": false,
        "complete": "payload",
        "targetType": "msg",
        "statusVal": "",
        "statusType": "auto",
        "x": 990,
        "y": 2760,
        "wires": []
    },
    {
        "id": "93ff62d25bcaf757",
        "type": "http response",
        "z": "bac4d2ea396246ac",
        "name": "DeleteResponse",
        "statusCode": "",
        "headers": {},
        "x": 1030,
        "y": 2680,
        "wires": []
    },
    {
        "id": "4beca7bc1b56bd32",
        "type": "function",
        "z": "bac4d2ea396246ac",
        "name": "CreateDeleteResponse",
        "func": "msg.headers = {\n};\nmsg.statusCode = 200;\nmsg.description = \"Successful Gym Program Report is deleted\";\nreturn msg;\n",
        "outputs": 1,
        "noerr": 0,
        "initialize": "",
        "finalize": "",
        "libs": [],
        "x": 690,
        "y": 2680,
        "wires": [
            [
                "93ff62d25bcaf757",
                "565412a0e0cd842d"
            ]
        ]
    },
    {
        "id": "424b9ce8838bd337",
        "type": "comment",
        "z": "bac4d2ea396246ac",
        "name": "/trainer/{trainerID}/report/{reportID}",
        "info": "",
        "x": 200,
        "y": 2280,
        "wires": []
    },
    {
        "id": "8ef49a070a169b34",
        "type": "http in",
        "z": "bac4d2ea396246ac",
        "name": "GET report",
        "url": "/trainer/:trainerID/report/:reportID",
        "method": "get",
        "upload": false,
        "swaggerDoc": "",
        "x": 120,
        "y": 2360,
        "wires": [
            [
                "e5247ed52a73e785"
            ]
        ]
    },
    {
        "id": "e5247ed52a73e785",
        "type": "function",
        "z": "bac4d2ea396246ac",
        "name": "getParams",
        "func": "msg.payload = msg.req.params;\nreturn msg;",
        "outputs": 1,
        "noerr": 0,
        "initialize": "",
        "finalize": "",
        "libs": [],
        "x": 310,
        "y": 2360,
        "wires": [
            [
                "37bb869afce3d739"
            ]
        ]
    },
    {
        "id": "37bb869afce3d739",
        "type": "mongodb in",
        "z": "bac4d2ea396246ac",
        "mongodb": "",
        "name": "GymFoodDB",
        "collection": "",
        "operation": "find",
        "x": 550,
        "y": 2360,
        "wires": [
            [
                "55cc5c8611c0bd99"
            ]
        ]
    },
    {
        "id": "9e0c05da9ab6cd17",
        "type": "http response",
        "z": "bac4d2ea396246ac",
        "name": "Report response",
        "statusCode": "",
        "headers": {},
        "x": 1080,
        "y": 2360,
        "wires": []
    },
    {
        "id": "55cc5c8611c0bd99",
        "type": "function",
        "z": "bac4d2ea396246ac",
        "name": "CreateReportResponse",
        "func": "msg.headers = {\n};\nmsg.statusCode = 200;\nmsg.description = \"Successful operation\";\nreturn msg;\n",
        "outputs": 1,
        "noerr": 0,
        "initialize": "",
        "finalize": "",
        "libs": [],
        "x": 810,
        "y": 2360,
        "wires": [
            [
                "9e0c05da9ab6cd17",
                "73de0fb0cad3807c"
            ]
        ]
    },
    {
        "id": "73de0fb0cad3807c",
        "type": "debug",
        "z": "bac4d2ea396246ac",
        "name": "msg.payload",
        "active": true,
        "tosidebar": true,
        "console": false,
        "tostatus": false,
        "complete": "payload",
        "targetType": "msg",
        "statusVal": "",
        "statusType": "auto",
        "x": 1090,
        "y": 2460,
        "wires": []
    },
    {
        "id": "e8193db9b0200253",
        "type": "http in",
        "z": "bac4d2ea396246ac",
        "name": "GET user recipe",
        "url": "/user/receipe/:recipeID",
        "method": "get",
        "upload": false,
        "swaggerDoc": "",
        "x": 140,
        "y": 2940,
        "wires": [
            [
                "0a906a0a1f33a1a4"
            ]
        ]
    },
    {
        "id": "5b8e16fb9d0769c6",
        "type": "http response",
        "z": "bac4d2ea396246ac",
        "name": "Recipe response",
        "statusCode": "200",
        "headers": {},
        "x": 1190,
        "y": 2940,
        "wires": []
    },
    {
        "id": "a9b7c9dfcecc54c3",
        "type": "comment",
        "z": "bac4d2ea396246ac",
        "name": "/user/recipe/{recipeID}",
        "info": "",
        "x": 160,
        "y": 2880,
        "wires": []
    },
    {
        "id": "31f1b5f264858c50",
        "type": "debug",
        "z": "bac4d2ea396246ac",
        "name": "",
        "active": true,
        "tosidebar": true,
        "console": false,
        "tostatus": false,
        "complete": "false",
        "x": 1170,
        "y": 3000,
        "wires": []
    },
    {
        "id": "0a906a0a1f33a1a4",
        "type": "function",
        "z": "bac4d2ea396246ac",
        "name": "getParams",
        "func": "msg.payload = msg.req.params;\nreturn msg;",
        "outputs": 1,
        "noerr": 0,
        "initialize": "",
        "finalize": "",
        "libs": [],
        "x": 430,
        "y": 2940,
        "wires": [
            [
                "5d87dab7edd8e779"
            ]
        ]
    },
    {
        "id": "5d87dab7edd8e779",
        "type": "mongodb in",
        "z": "bac4d2ea396246ac",
        "mongodb": "",
        "name": "GymFoodDB",
        "collection": "",
        "operation": "find",
        "x": 650,
        "y": 2940,
        "wires": [
            [
                "a4d89b2d4b611a21"
            ]
        ]
    },
    {
        "id": "a4d89b2d4b611a21",
        "type": "function",
        "z": "bac4d2ea396246ac",
        "name": "CreatRecipeResponse",
        "func": "msg.headers = {\n};\nmsg.statusCode = 200;\nmsg.description = \"Successfully received recipe's details\";\nreturn msg;\n",
        "outputs": 1,
        "noerr": 0,
        "initialize": "",
        "finalize": "",
        "libs": [],
        "x": 900,
        "y": 2940,
        "wires": [
            [
                "31f1b5f264858c50",
                "5b8e16fb9d0769c6"
            ]
        ]
    },
    {
        "id": "98c1909dc8a1784d",
        "type": "http in",
        "z": "bac4d2ea396246ac",
        "name": "GET all recipes",
        "url": "/user/recipe",
        "method": "get",
        "upload": false,
        "swaggerDoc": "",
        "x": 140,
        "y": 3380,
        "wires": [
            [
                "d2dbd5332e5da33d"
            ]
        ]
    },
    {
        "id": "0f49aa96cb955402",
        "type": "http response",
        "z": "bac4d2ea396246ac",
        "name": "Recipies Response",
        "statusCode": "200",
        "headers": {},
        "x": 1210,
        "y": 3380,
        "wires": []
    },
    {
        "id": "4d21cc30210c4e85",
        "type": "comment",
        "z": "bac4d2ea396246ac",
        "name": "/user/recipe",
        "info": "",
        "x": 130,
        "y": 3340,
        "wires": []
    },
    {
        "id": "b9a4c7ec5e4df132",
        "type": "debug",
        "z": "bac4d2ea396246ac",
        "name": "",
        "active": true,
        "tosidebar": true,
        "console": false,
        "tostatus": false,
        "complete": "false",
        "x": 1190,
        "y": 3440,
        "wires": []
    },
    {
        "id": "d2dbd5332e5da33d",
        "type": "function",
        "z": "bac4d2ea396246ac",
        "name": "getParams",
        "func": "msg.payload = msg.req.params;\nreturn msg;",
        "outputs": 1,
        "noerr": 0,
        "initialize": "",
        "finalize": "",
        "libs": [],
        "x": 430,
        "y": 3380,
        "wires": [
            [
                "8db1f628ba4faa5b"
            ]
        ]
    },
    {
        "id": "b574036e1a3a0c20",
        "type": "function",
        "z": "bac4d2ea396246ac",
        "name": "CreatRecipeListResponse",
        "func": "msg.headers = {\n};\nmsg.statusCode = 200;\nmsg.description = \"Successful operation\";\nreturn msg;\n",
        "outputs": 1,
        "noerr": 0,
        "initialize": "",
        "finalize": "",
        "libs": [],
        "x": 930,
        "y": 3380,
        "wires": [
            [
                "0f49aa96cb955402",
                "b9a4c7ec5e4df132"
            ]
        ]
    },
    {
        "id": "8db1f628ba4faa5b",
        "type": "mongodb in",
        "z": "bac4d2ea396246ac",
        "mongodb": "",
        "name": "GymFoodDB",
        "collection": "",
        "operation": "find",
        "x": 670,
        "y": 3380,
        "wires": [
            [
                "b574036e1a3a0c20"
            ]
        ]
    },
    {
        "id": "a184723e8027f057",
        "type": "http in",
        "z": "bac4d2ea396246ac",
        "name": "GET user dietprogram",
        "url": "/user/:userID/dietprogram",
        "method": "get",
        "upload": false,
        "swaggerDoc": "",
        "x": 160,
        "y": 3600,
        "wires": [
            [
                "f4a61d98125161a5"
            ]
        ]
    },
    {
        "id": "e1ae1cc19791e831",
        "type": "http response",
        "z": "bac4d2ea396246ac",
        "name": "DietProgram Response",
        "statusCode": "200",
        "headers": {},
        "x": 1230,
        "y": 3600,
        "wires": []
    },
    {
        "id": "2f255d202aa97fdc",
        "type": "comment",
        "z": "bac4d2ea396246ac",
        "name": "/user/{userID}/dietprogram",
        "info": "",
        "x": 170,
        "y": 3540,
        "wires": []
    },
    {
        "id": "67b7dda33c1c51de",
        "type": "debug",
        "z": "bac4d2ea396246ac",
        "name": "",
        "active": true,
        "tosidebar": true,
        "console": false,
        "tostatus": false,
        "complete": "false",
        "x": 1190,
        "y": 3660,
        "wires": []
    },
    {
        "id": "216bb744f42b00eb",
        "type": "function",
        "z": "bac4d2ea396246ac",
        "name": "CreatDietProgramResponse",
        "func": "msg.headers = {\n};\nmsg.statusCode = 200;\nmsg.description = \"Successfully received Diet Program\";\nreturn msg;",
        "outputs": 1,
        "noerr": 0,
        "initialize": "",
        "finalize": "",
        "libs": [],
        "x": 920,
        "y": 3600,
        "wires": [
            [
                "e1ae1cc19791e831",
                "67b7dda33c1c51de"
            ]
        ]
    },
    {
        "id": "49d34c60db680268",
        "type": "mongodb in",
        "z": "bac4d2ea396246ac",
        "mongodb": "",
        "name": "GymFoodDB",
        "collection": "",
        "operation": "find",
        "x": 670,
        "y": 3600,
        "wires": [
            [
                "216bb744f42b00eb"
            ]
        ]
    },
    {
        "id": "7d857934401ae9b4",
        "type": "http in",
        "z": "bac4d2ea396246ac",
        "name": "POST gymprogram report",
        "url": "/user/:userID/gymprogram",
        "method": "post",
        "upload": false,
        "swaggerDoc": "",
        "x": 170,
        "y": 3820,
        "wires": [
            [
                "e4a3088191e60e30"
            ]
        ]
    },
    {
        "id": "db5837858f274e54",
        "type": "http response",
        "z": "bac4d2ea396246ac",
        "name": "GymProgram Report Response",
        "statusCode": "200",
        "headers": {},
        "x": 1210,
        "y": 3820,
        "wires": []
    },
    {
        "id": "f69c1841c6d70ba7",
        "type": "comment",
        "z": "bac4d2ea396246ac",
        "name": "/user/{userID}/gymprogram",
        "info": "",
        "x": 170,
        "y": 3760,
        "wires": []
    },
    {
        "id": "cc06b601b21600cd",
        "type": "debug",
        "z": "bac4d2ea396246ac",
        "name": "",
        "active": true,
        "tosidebar": true,
        "console": false,
        "tostatus": false,
        "complete": "false",
        "x": 1150,
        "y": 3880,
        "wires": []
    },
    {
        "id": "6f1b52917aadead4",
        "type": "mongodb out",
        "z": "bac4d2ea396246ac",
        "mongodb": "",
        "name": "GymFoodDB",
        "collection": "",
        "payonly": false,
        "upsert": false,
        "multi": false,
        "operation": "store",
        "x": 710,
        "y": 3900,
        "wires": []
    },
    {
        "id": "f4a61d98125161a5",
        "type": "function",
        "z": "bac4d2ea396246ac",
        "name": "getParams",
        "func": "msg.payload = msg.req.params;\nreturn msg;",
        "outputs": 1,
        "noerr": 0,
        "initialize": "",
        "finalize": "",
        "libs": [],
        "x": 430,
        "y": 3600,
        "wires": [
            [
                "49d34c60db680268"
            ]
        ]
    },
    {
        "id": "e4a3088191e60e30",
        "type": "function",
        "z": "bac4d2ea396246ac",
        "name": "getParams",
        "func": "msg.payload = msg.req.params;\nreturn msg;",
        "outputs": 1,
        "noerr": 0,
        "initialize": "",
        "finalize": "",
        "libs": [],
        "x": 490,
        "y": 3820,
        "wires": [
            [
                "23bca7e50cec9117",
                "6f1b52917aadead4"
            ]
        ]
    },
    {
        "id": "23bca7e50cec9117",
        "type": "function",
        "z": "bac4d2ea396246ac",
        "name": "CreatGymProgramReportResponse",
        "func": "msg.headers = {\n};\nmsg.statusCode = 200;\nmsg.description = \"Successful operation\";\nreturn msg;\n",
        "outputs": 1,
        "noerr": 0,
        "initialize": "",
        "finalize": "",
        "libs": [],
        "x": 840,
        "y": 3820,
        "wires": [
            [
                "db5837858f274e54",
                "cc06b601b21600cd"
            ]
        ]
    },
    {
        "id": "5f874555652be362",
        "type": "http in",
        "z": "bac4d2ea396246ac",
        "name": "GET User Details",
        "url": "/user/:userID",
        "method": "get",
        "upload": false,
        "swaggerDoc": "",
        "x": 140,
        "y": 4060,
        "wires": [
            [
                "896bad01a8bdf8d7"
            ]
        ]
    },
    {
        "id": "3e366bbcc9db3f1e",
        "type": "http response",
        "z": "bac4d2ea396246ac",
        "name": "User Details Response",
        "statusCode": "",
        "headers": {},
        "x": 1120,
        "y": 4060,
        "wires": []
    },
    {
        "id": "896bad01a8bdf8d7",
        "type": "function",
        "z": "bac4d2ea396246ac",
        "name": "getParams",
        "func": "msg.payload = msg.req.params;\nreturn msg;",
        "outputs": 1,
        "noerr": 0,
        "initialize": "",
        "finalize": "",
        "libs": [],
        "x": 370,
        "y": 4060,
        "wires": [
            [
                "3f4f2083e2f5ae45"
            ]
        ]
    },
    {
        "id": "3f4f2083e2f5ae45",
        "type": "mongodb in",
        "z": "bac4d2ea396246ac",
        "mongodb": "",
        "name": "GymFoodDB",
        "collection": "",
        "operation": "find",
        "x": 570,
        "y": 4060,
        "wires": [
            [
                "62e4f8bf40ed2bcb"
            ]
        ]
    },
    {
        "id": "62e4f8bf40ed2bcb",
        "type": "function",
        "z": "bac4d2ea396246ac",
        "name": "CreateUserDetailsResponse",
        "func": "msg.headers = {\n};\nmsg.statusCode = 200;\nmsg.description = \"Successfully received user's details\";\nreturn msg;\n",
        "outputs": 1,
        "noerr": 0,
        "initialize": "",
        "finalize": "",
        "libs": [],
        "x": 820,
        "y": 4060,
        "wires": [
            [
                "3e366bbcc9db3f1e",
                "0c5fd7dc02b6dbad"
            ]
        ]
    },
    {
        "id": "0c5fd7dc02b6dbad",
        "type": "debug",
        "z": "bac4d2ea396246ac",
        "name": "msg.payload",
        "active": true,
        "tosidebar": true,
        "console": false,
        "tostatus": false,
        "complete": "payload",
        "targetType": "msg",
        "statusVal": "",
        "statusType": "auto",
        "x": 1090,
        "y": 4160,
        "wires": []
    },
    {
        "id": "70b26bcd0ecbc1d1",
        "type": "http in",
        "z": "bac4d2ea396246ac",
        "name": "POST User Details",
        "url": " user/:userID",
        "method": "post",
        "upload": false,
        "swaggerDoc": "",
        "x": 150,
        "y": 4260,
        "wires": [
            [
                "c5ca844a44d7879b"
            ]
        ]
    },
    {
        "id": "a7e1bc1415f58c6f",
        "type": "http response",
        "z": "bac4d2ea396246ac",
        "name": "User Details Response",
        "statusCode": "",
        "headers": {},
        "x": 1020,
        "y": 4260,
        "wires": []
    },
    {
        "id": "c330173cb95f0628",
        "type": "debug",
        "z": "bac4d2ea396246ac",
        "name": "",
        "active": true,
        "tosidebar": true,
        "console": false,
        "tostatus": false,
        "complete": "payload",
        "targetType": "msg",
        "statusVal": "",
        "statusType": "auto",
        "x": 990,
        "y": 4320,
        "wires": []
    },
    {
        "id": "c5ca844a44d7879b",
        "type": "function",
        "z": "bac4d2ea396246ac",
        "name": "getParams-Query",
        "func": "msg.payload = {\n    userID: msg.req.params.userID,\n    query: msg.req.query\n};\nreturn msg;",
        "outputs": 1,
        "noerr": 0,
        "initialize": "",
        "finalize": "",
        "libs": [],
        "x": 390,
        "y": 4260,
        "wires": [
            [
                "eb01ab05e8179d7f",
                "8ecba8d9c1e1bc09"
            ]
        ]
    },
    {
        "id": "eb01ab05e8179d7f",
        "type": "function",
        "z": "bac4d2ea396246ac",
        "name": "CreateUserDetailsResponse",
        "func": "msg.headers = {\n};\nmsg.statusCode = 200;\nmsg.description = \"Succesfully added profile details\";\nreturn msg;\n",
        "outputs": 1,
        "noerr": 0,
        "initialize": "",
        "finalize": "",
        "libs": [],
        "x": 700,
        "y": 4260,
        "wires": [
            [
                "a7e1bc1415f58c6f",
                "c330173cb95f0628"
            ]
        ]
    },
    {
        "id": "8ecba8d9c1e1bc09",
        "type": "mongodb out",
        "z": "bac4d2ea396246ac",
        "mongodb": "",
        "name": "GymFoodDB",
        "collection": "",
        "payonly": false,
        "upsert": false,
        "multi": false,
        "operation": "store",
        "x": 650,
        "y": 4320,
        "wires": []
    },
    {
        "id": "67bdf40515ffdfa4",
        "type": "http in",
        "z": "bac4d2ea396246ac",
        "name": "PUT User Details",
        "url": " user/:userID",
        "method": "put",
        "upload": false,
        "swaggerDoc": "",
        "x": 140,
        "y": 4440,
        "wires": [
            [
                "483e28f608ed17d8"
            ]
        ]
    },
    {
        "id": "929e0c4054c2f2bf",
        "type": "mongodb out",
        "z": "bac4d2ea396246ac",
        "mongodb": "",
        "name": "GymFoodDB",
        "collection": "",
        "payonly": false,
        "upsert": false,
        "multi": false,
        "operation": "update",
        "x": 630,
        "y": 4520,
        "wires": []
    },
    {
        "id": "483e28f608ed17d8",
        "type": "function",
        "z": "bac4d2ea396246ac",
        "name": "getParams-Query",
        "func": "msg.payload = {\n    userID: msg.req.params.userID,\n    query: msg.req.query\n};\nreturn msg;",
        "outputs": 1,
        "noerr": 0,
        "initialize": "",
        "finalize": "",
        "libs": [],
        "x": 390,
        "y": 4440,
        "wires": [
            [
                "929e0c4054c2f2bf",
                "b1f948e211449668"
            ]
        ]
    },
    {
        "id": "f4344c9de72583db",
        "type": "debug",
        "z": "bac4d2ea396246ac",
        "name": "msg.payload",
        "active": true,
        "tosidebar": true,
        "console": false,
        "tostatus": false,
        "complete": "payload",
        "targetType": "msg",
        "statusVal": "",
        "statusType": "auto",
        "x": 930,
        "y": 4520,
        "wires": []
    },
    {
        "id": "a31333473c87e8fd",
        "type": "http response",
        "z": "bac4d2ea396246ac",
        "name": "PutResponse",
        "statusCode": "",
        "headers": {},
        "x": 940,
        "y": 4440,
        "wires": []
    },
    {
        "id": "b1f948e211449668",
        "type": "function",
        "z": "bac4d2ea396246ac",
        "name": "CreatePutResponse",
        "func": "msg.headers = {\n};\nmsg.statusCode = 200;\nmsg.description = \"Succesfully edited profile details\";\nreturn msg;\n",
        "outputs": 1,
        "noerr": 0,
        "initialize": "",
        "finalize": "",
        "libs": [],
        "x": 660,
        "y": 4440,
        "wires": [
            [
                "a31333473c87e8fd",
                "f4344c9de72583db"
            ]
        ]
    },
    {
        "id": "3c027df21e743418",
        "type": "http in",
        "z": "bac4d2ea396246ac",
        "name": "GET exercise details",
        "url": "/user/:userID/gymprogram/:excerciseID",
        "method": "get",
        "upload": false,
        "swaggerDoc": "",
        "x": 150,
        "y": 4660,
        "wires": [
            [
                "285621632e803c1b"
            ]
        ]
    },
    {
        "id": "8c23eb1f0d420c82",
        "type": "http response",
        "z": "bac4d2ea396246ac",
        "name": "Exercise Response",
        "statusCode": "",
        "headers": {},
        "x": 1110,
        "y": 4660,
        "wires": []
    },
    {
        "id": "285621632e803c1b",
        "type": "function",
        "z": "bac4d2ea396246ac",
        "name": "getParams",
        "func": "msg.payload = msg.req.params;\nreturn msg;",
        "outputs": 1,
        "noerr": 0,
        "initialize": "",
        "finalize": "",
        "libs": [],
        "x": 390,
        "y": 4660,
        "wires": [
            [
                "39336fb09989007c"
            ]
        ]
    },
    {
        "id": "39336fb09989007c",
        "type": "mongodb in",
        "z": "bac4d2ea396246ac",
        "mongodb": "",
        "name": "GymFoodDB",
        "collection": "",
        "operation": "find",
        "x": 610,
        "y": 4660,
        "wires": [
            [
                "a9bcd66719ab5ae3"
            ]
        ]
    },
    {
        "id": "a9bcd66719ab5ae3",
        "type": "function",
        "z": "bac4d2ea396246ac",
        "name": "CreateExerciseResponse",
        "func": "msg.headers = {\n};\nmsg.statusCode = 200;\nmsg.description = \"Successfully received excercise's details\";\nreturn msg;\n",
        "outputs": 1,
        "noerr": 0,
        "initialize": "",
        "finalize": "",
        "libs": [],
        "x": 850,
        "y": 4660,
        "wires": [
            [
                "8c23eb1f0d420c82",
                "3a4cf44ecda90cb6"
            ]
        ]
    },
    {
        "id": "3a4cf44ecda90cb6",
        "type": "debug",
        "z": "bac4d2ea396246ac",
        "name": "msg.payload",
        "active": true,
        "tosidebar": true,
        "console": false,
        "tostatus": false,
        "complete": "payload",
        "targetType": "msg",
        "statusVal": "",
        "statusType": "auto",
        "x": 1110,
        "y": 4760,
        "wires": []
    },
    {
        "id": "79b4d070ad6e2b87",
        "type": "comment",
        "z": "bac4d2ea396246ac",
        "name": "/user/{userID}",
        "info": "",
        "x": 130,
        "y": 4000,
        "wires": []
    },
    {
        "id": "e78d52da427c2fd8",
        "type": "comment",
        "z": "bac4d2ea396246ac",
        "name": "/user/{userID}/gymprogram/{excerciseID}",
        "info": "",
        "x": 220,
        "y": 4600,
        "wires": []
    },
    {
        "id": "0f65d32c9fda29e9",
        "type": "http in",
        "z": "bac4d2ea396246ac",
        "name": "POST recipe report",
        "url": "/user/recipe/:recipeID",
        "method": "post",
        "upload": false,
        "swaggerDoc": "",
        "x": 150,
        "y": 3120,
        "wires": [
            [
                "d59682976aeaeee5"
            ]
        ]
    },
    {
        "id": "86edce88aec02d03",
        "type": "http response",
        "z": "bac4d2ea396246ac",
        "name": "Recipe Report Response",
        "statusCode": "200",
        "headers": {},
        "x": 1130,
        "y": 3120,
        "wires": []
    },
    {
        "id": "382cdabb0d7e3067",
        "type": "debug",
        "z": "bac4d2ea396246ac",
        "name": "",
        "active": true,
        "tosidebar": true,
        "console": false,
        "tostatus": false,
        "complete": "payload",
        "targetType": "msg",
        "statusVal": "",
        "statusType": "auto",
        "x": 1110,
        "y": 3200,
        "wires": []
    },
    {
        "id": "e453c96d08ec8f30",
        "type": "mongodb out",
        "z": "bac4d2ea396246ac",
        "mongodb": "",
        "name": "GymFoodDB",
        "collection": "",
        "payonly": false,
        "upsert": false,
        "multi": false,
        "operation": "store",
        "x": 690,
        "y": 3200,
        "wires": []
    },
    {
        "id": "d59682976aeaeee5",
        "type": "function",
        "z": "bac4d2ea396246ac",
        "name": "getParams",
        "func": "msg.payload = msg.req.params;\nreturn msg;",
        "outputs": 1,
        "noerr": 0,
        "initialize": "",
        "finalize": "",
        "libs": [],
        "x": 430,
        "y": 3120,
        "wires": [
            [
                "12e504f8a7eecbeb",
                "e453c96d08ec8f30"
            ]
        ]
    },
    {
        "id": "12e504f8a7eecbeb",
        "type": "function",
        "z": "bac4d2ea396246ac",
        "name": "CreatRecipeReportResponse",
        "func": "msg.headers = {\n};\nmsg.statusCode = 200;\nmsg.description = \"Operation successful\";\nreturn msg;\n",
        "outputs": 1,
        "noerr": 0,
        "initialize": "",
        "finalize": "",
        "libs": [],
        "x": 740,
        "y": 3120,
        "wires": [
            [
                "86edce88aec02d03",
                "382cdabb0d7e3067"
            ]
        ]
    }
]