[
    {
        "id": "34dbad712998b338",
        "type": "tab",
        "label": "User Stories GymFuelX",
        "disabled": false,
        "info": "",
        "env": []
    },
    {
        "id": "31579a0db31e7deb",
        "type": "debug",
        "z": "34dbad712998b338",
        "name": "",
        "active": true,
        "tosidebar": true,
        "console": false,
        "tostatus": false,
        "complete": "payload",
        "targetType": "msg",
        "statusVal": "",
        "statusType": "auto",
        "x": 830,
        "y": 1140,
        "wires": []
    },
    {
        "id": "379a3d18292a103e",
        "type": "http request",
        "z": "34dbad712998b338",
        "name": "gymprogram request",
        "method": "GET",
        "ret": "obj",
        "paytoqs": "ignore",
        "url": "https://virtserver.swaggerhub.com/DIMOSKOMPITSELIDIS/Team27/2.0.0/user/21412/gymprogram",
        "tls": "",
        "persist": false,
        "proxy": "",
        "insecureHTTPParser": false,
        "authType": "",
        "senderr": false,
        "headers": [],
        "x": 480,
        "y": 1140,
        "wires": [
            [
                "31579a0db31e7deb"
            ]
        ]
    },
    {
        "id": "fafbcc8219c05714",
        "type": "inject",
        "z": "34dbad712998b338",
        "name": "Trigger",
        "props": [
            {
                "p": "payload"
            },
            {
                "p": "topic",
                "vt": "str"
            }
        ],
        "repeat": "",
        "crontab": "",
        "once": false,
        "onceDelay": 0.1,
        "topic": "",
        "payload": "",
        "payloadType": "date",
        "x": 190,
        "y": 1140,
        "wires": [
            [
                "379a3d18292a103e"
            ]
        ]
    },
    {
        "id": "0859d169b5a57cb9",
        "type": "debug",
        "z": "34dbad712998b338",
        "name": "",
        "active": true,
        "tosidebar": true,
        "console": false,
        "tostatus": false,
        "complete": "payload",
        "targetType": "msg",
        "statusVal": "",
        "statusType": "auto",
        "x": 830,
        "y": 1920,
        "wires": []
    },
    {
        "id": "a41aad8e5961990d",
        "type": "http request",
        "z": "34dbad712998b338",
        "name": "GetRecipesReportsRequest",
        "method": "GET",
        "ret": "obj",
        "paytoqs": "ignore",
        "url": "https://virtserver.swaggerhub.com/DIMOSKOMPITSELIDIS/Team27/2.0.0/nutritionist/:NutritionistID/report",
        "tls": "",
        "persist": false,
        "proxy": "",
        "insecureHTTPParser": false,
        "authType": "",
        "senderr": false,
        "headers": [],
        "x": 500,
        "y": 1920,
        "wires": [
            [
                "0859d169b5a57cb9"
            ]
        ]
    },
    {
        "id": "ee04ba642eafcade",
        "type": "inject",
        "z": "34dbad712998b338",
        "name": "Trigger",
        "props": [
            {
                "p": "payload"
            },
            {
                "p": "topic",
                "vt": "str"
            }
        ],
        "repeat": "",
        "crontab": "",
        "once": false,
        "onceDelay": 0.1,
        "topic": "",
        "payload": "",
        "payloadType": "date",
        "x": 190,
        "y": 1920,
        "wires": [
            [
                "a41aad8e5961990d"
            ]
        ]
    },
    {
        "id": "3643bb28d099d7f9",
        "type": "debug",
        "z": "34dbad712998b338",
        "name": "",
        "active": true,
        "tosidebar": true,
        "console": false,
        "tostatus": false,
        "complete": "payload",
        "targetType": "msg",
        "statusVal": "",
        "statusType": "auto",
        "x": 830,
        "y": 2080,
        "wires": []
    },
    {
        "id": "3a7136c0114968bb",
        "type": "http request",
        "z": "34dbad712998b338",
        "name": "GetRecipeReportRequest",
        "method": "GET",
        "ret": "obj",
        "paytoqs": "ignore",
        "url": "https://virtserver.swaggerhub.com/DIMOSKOMPITSELIDIS/Team27/2.0.0/nutritionist/1234/report/1234",
        "tls": "",
        "persist": false,
        "proxy": "",
        "insecureHTTPParser": false,
        "authType": "",
        "senderr": false,
        "headers": [],
        "x": 490,
        "y": 2080,
        "wires": [
            [
                "3643bb28d099d7f9"
            ]
        ]
    },
    {
        "id": "6b19bf2f0c155b5a",
        "type": "inject",
        "z": "34dbad712998b338",
        "name": "Trigger",
        "props": [
            {
                "p": "payload"
            },
            {
                "p": "topic",
                "vt": "str"
            }
        ],
        "repeat": "",
        "crontab": "",
        "once": false,
        "onceDelay": 0.1,
        "topic": "",
        "payload": "",
        "payloadType": "date",
        "x": 190,
        "y": 2080,
        "wires": [
            [
                "3a7136c0114968bb"
            ]
        ]
    },
    {
        "id": "0268970505f51e39",
        "type": "debug",
        "z": "34dbad712998b338",
        "name": "",
        "active": true,
        "tosidebar": true,
        "console": false,
        "tostatus": false,
        "complete": "payload",
        "targetType": "msg",
        "statusVal": "",
        "statusType": "auto",
        "x": 830,
        "y": 2240,
        "wires": []
    },
    {
        "id": "776a90f9c3e5ff1e",
        "type": "http request",
        "z": "34dbad712998b338",
        "name": "UpdateRecipeReportRequest",
        "method": "PUT",
        "ret": "obj",
        "paytoqs": "ignore",
        "url": "https://virtserver.swaggerhub.com/DIMOSKOMPITSELIDIS/Team27/2.0.0/nutritionist/123/recipe/123?recipeType=ffdsf&imgRecipe=sdfsdfs",
        "tls": "",
        "persist": false,
        "proxy": "",
        "insecureHTTPParser": false,
        "authType": "",
        "senderr": false,
        "headers": [],
        "x": 500,
        "y": 2240,
        "wires": [
            [
                "0268970505f51e39"
            ]
        ]
    },
    {
        "id": "3ef33d05926b39f1",
        "type": "inject",
        "z": "34dbad712998b338",
        "name": "Trigger",
        "props": [
            {
                "p": "payload"
            },
            {
                "p": "topic",
                "vt": "str"
            }
        ],
        "repeat": "",
        "crontab": "",
        "once": false,
        "onceDelay": 0.1,
        "topic": "",
        "payload": "",
        "payloadType": "date",
        "x": 190,
        "y": 2240,
        "wires": [
            [
                "776a90f9c3e5ff1e"
            ]
        ]
    },
    {
        "id": "842089d80768880e",
        "type": "debug",
        "z": "34dbad712998b338",
        "name": "",
        "active": true,
        "tosidebar": true,
        "console": false,
        "tostatus": false,
        "complete": "payload",
        "targetType": "msg",
        "statusVal": "",
        "statusType": "auto",
        "x": 830,
        "y": 2440,
        "wires": []
    },
    {
        "id": "9eee77654a540494",
        "type": "http request",
        "z": "34dbad712998b338",
        "name": "DeleteRecipeReportRequest",
        "method": "DELETE",
        "ret": "obj",
        "paytoqs": "ignore",
        "url": "https://virtserver.swaggerhub.com/DIMOSKOMPITSELIDIS/Team27/2.0.0/nutritionist/123/recipe/421",
        "tls": "",
        "persist": false,
        "proxy": "",
        "insecureHTTPParser": false,
        "authType": "",
        "senderr": false,
        "headers": [],
        "x": 500,
        "y": 2440,
        "wires": [
            [
                "842089d80768880e"
            ]
        ]
    },
    {
        "id": "401a085262df9531",
        "type": "inject",
        "z": "34dbad712998b338",
        "name": "Trigger",
        "props": [
            {
                "p": "payload"
            },
            {
                "p": "topic",
                "vt": "str"
            }
        ],
        "repeat": "",
        "crontab": "",
        "once": false,
        "onceDelay": 0.1,
        "topic": "",
        "payload": "",
        "payloadType": "date",
        "x": 190,
        "y": 2440,
        "wires": [
            [
                "9eee77654a540494"
            ]
        ]
    },
    {
        "id": "7f65bee75782d40d",
        "type": "comment",
        "z": "34dbad712998b338",
        "name": "View Gym program",
        "info": "",
        "x": 210,
        "y": 1060,
        "wires": []
    },
    {
        "id": "5bfd5818f059d7d8",
        "type": "comment",
        "z": "34dbad712998b338",
        "name": "View all recipe reports",
        "info": "",
        "x": 220,
        "y": 1860,
        "wires": []
    },
    {
        "id": "93a8c78870ccfd37",
        "type": "comment",
        "z": "34dbad712998b338",
        "name": "View recipe report",
        "info": "",
        "x": 210,
        "y": 2000,
        "wires": []
    },
    {
        "id": "5d31a7159c153030",
        "type": "comment",
        "z": "34dbad712998b338",
        "name": "Edit recipe report ",
        "info": "",
        "x": 200,
        "y": 2160,
        "wires": []
    },
    {
        "id": "ba7b2830733ee0bc",
        "type": "comment",
        "z": "34dbad712998b338",
        "name": "Delete recipe report",
        "info": "",
        "x": 210,
        "y": 2340,
        "wires": []
    },
    {
        "id": "3651fc5c2f79658f",
        "type": "debug",
        "z": "34dbad712998b338",
        "name": "",
        "active": true,
        "tosidebar": true,
        "console": false,
        "tostatus": false,
        "complete": "payload",
        "targetType": "msg",
        "statusVal": "",
        "statusType": "auto",
        "x": 830,
        "y": 3520,
        "wires": []
    },
    {
        "id": "ae1b728cdd638789",
        "type": "debug",
        "z": "34dbad712998b338",
        "name": "",
        "active": true,
        "tosidebar": true,
        "console": false,
        "tostatus": false,
        "complete": "payload",
        "targetType": "msg",
        "statusVal": "",
        "statusType": "auto",
        "x": 830,
        "y": 3780,
        "wires": []
    },
    {
        "id": "7a0f61f833e3796f",
        "type": "debug",
        "z": "34dbad712998b338",
        "name": "",
        "active": true,
        "tosidebar": true,
        "console": false,
        "tostatus": false,
        "complete": "payload",
        "targetType": "msg",
        "statusVal": "",
        "statusType": "auto",
        "x": 830,
        "y": 1280,
        "wires": []
    },
    {
        "id": "cb048615a0d4ca7b",
        "type": "debug",
        "z": "34dbad712998b338",
        "name": "",
        "active": true,
        "tosidebar": true,
        "console": false,
        "tostatus": false,
        "complete": "payload",
        "targetType": "msg",
        "statusVal": "",
        "statusType": "auto",
        "x": 830,
        "y": 1420,
        "wires": []
    },
    {
        "id": "ec8610d5d03efb12",
        "type": "http request",
        "z": "34dbad712998b338",
        "name": "GetGymProgramReport",
        "method": "GET",
        "ret": "obj",
        "paytoqs": "ignore",
        "url": "https://virtserver.swaggerhub.com/DIMOSKOMPITSELIDIS/Team27/2.0.0/trainer/235/report/5325",
        "tls": "",
        "persist": false,
        "proxy": "",
        "insecureHTTPParser": false,
        "authType": "",
        "senderr": false,
        "headers": [],
        "x": 490,
        "y": 3520,
        "wires": [
            [
                "3651fc5c2f79658f"
            ]
        ]
    },
    {
        "id": "f929285195855d15",
        "type": "inject",
        "z": "34dbad712998b338",
        "name": "Trigger",
        "props": [
            {
                "p": "payload"
            },
            {
                "p": "topic",
                "vt": "str"
            }
        ],
        "repeat": "",
        "crontab": "",
        "once": false,
        "onceDelay": 0.1,
        "topic": "",
        "payload": "",
        "payloadType": "date",
        "x": 190,
        "y": 3520,
        "wires": [
            [
                "ec8610d5d03efb12"
            ]
        ]
    },
    {
        "id": "caf2dda035e6a6c2",
        "type": "comment",
        "z": "34dbad712998b338",
        "name": "View a gym program report",
        "info": "",
        "x": 230,
        "y": 3460,
        "wires": []
    },
    {
        "id": "5377c0477e748552",
        "type": "http request",
        "z": "34dbad712998b338",
        "name": "DeleteGymProgramReport",
        "method": "DELETE",
        "ret": "obj",
        "paytoqs": "ignore",
        "url": "https://virtserver.swaggerhub.com/DIMOSKOMPITSELIDIS/Team27/2.0.0/trainer/235/report/5325",
        "tls": "",
        "persist": false,
        "proxy": "",
        "insecureHTTPParser": false,
        "authType": "",
        "senderr": false,
        "headers": [],
        "x": 500,
        "y": 3780,
        "wires": [
            [
                "ae1b728cdd638789"
            ]
        ]
    },
    {
        "id": "dda1c85cce6dfefc",
        "type": "inject",
        "z": "34dbad712998b338",
        "name": "Trigger",
        "props": [
            {
                "p": "payload"
            },
            {
                "p": "topic",
                "vt": "str"
            }
        ],
        "repeat": "",
        "crontab": "",
        "once": false,
        "onceDelay": 0.1,
        "topic": "",
        "payload": "",
        "payloadType": "date",
        "x": 190,
        "y": 3780,
        "wires": [
            [
                "5377c0477e748552"
            ]
        ]
    },
    {
        "id": "6bc7df3cb798bd3e",
        "type": "comment",
        "z": "34dbad712998b338",
        "name": "Delete a gym program report",
        "info": "",
        "x": 240,
        "y": 3720,
        "wires": []
    },
    {
        "id": "7dbd7a91fbc3c5f2",
        "type": "http request",
        "z": "34dbad712998b338",
        "name": "GetExercise",
        "method": "GET",
        "ret": "obj",
        "paytoqs": "ignore",
        "url": "https://virtserver.swaggerhub.com/DIMOSKOMPITSELIDIS/Team27/2.0.0/user/123/gymprogram/421",
        "tls": "",
        "persist": false,
        "proxy": "",
        "insecureHTTPParser": false,
        "authType": "",
        "senderr": false,
        "headers": [],
        "x": 450,
        "y": 1280,
        "wires": [
            [
                "7a0f61f833e3796f"
            ]
        ]
    },
    {
        "id": "206d6a39ce284fec",
        "type": "inject",
        "z": "34dbad712998b338",
        "name": "Trigger",
        "props": [
            {
                "p": "payload"
            },
            {
                "p": "topic",
                "vt": "str"
            }
        ],
        "repeat": "",
        "crontab": "",
        "once": false,
        "onceDelay": 0.1,
        "topic": "",
        "payload": "",
        "payloadType": "date",
        "x": 190,
        "y": 1280,
        "wires": [
            [
                "7dbd7a91fbc3c5f2"
            ]
        ]
    },
    {
        "id": "535c4d4eb7ea2c3c",
        "type": "comment",
        "z": "34dbad712998b338",
        "name": "View Exercise",
        "info": "",
        "x": 190,
        "y": 1220,
        "wires": []
    },
    {
        "id": "93b71b992a98c931",
        "type": "http request",
        "z": "34dbad712998b338",
        "name": "GetDietProgram",
        "method": "GET",
        "ret": "obj",
        "paytoqs": "ignore",
        "url": "https://virtserver.swaggerhub.com/DIMOSKOMPITSELIDIS/Team27/2.0.0/user/124/dietprogram",
        "tls": "",
        "persist": false,
        "proxy": "",
        "insecureHTTPParser": false,
        "authType": "",
        "senderr": false,
        "headers": [],
        "x": 460,
        "y": 1420,
        "wires": [
            [
                "cb048615a0d4ca7b"
            ]
        ]
    },
    {
        "id": "a939b46f4603b040",
        "type": "inject",
        "z": "34dbad712998b338",
        "name": "Trigger",
        "props": [
            {
                "p": "payload"
            },
            {
                "p": "topic",
                "vt": "str"
            }
        ],
        "repeat": "",
        "crontab": "",
        "once": false,
        "onceDelay": 0.1,
        "topic": "",
        "payload": "",
        "payloadType": "date",
        "x": 190,
        "y": 1420,
        "wires": [
            [
                "93b71b992a98c931"
            ]
        ]
    },
    {
        "id": "16446214f079575f",
        "type": "comment",
        "z": "34dbad712998b338",
        "name": "View Diet program",
        "info": "",
        "x": 210,
        "y": 1360,
        "wires": []
    },
    {
        "id": "3d2c37de94d24660",
        "type": "debug",
        "z": "34dbad712998b338",
        "name": "",
        "active": true,
        "tosidebar": true,
        "console": false,
        "tostatus": false,
        "complete": "payload",
        "targetType": "msg",
        "statusVal": "",
        "statusType": "auto",
        "x": 830,
        "y": 3640,
        "wires": []
    },
    {
        "id": "623de0f96d422b46",
        "type": "http request",
        "z": "34dbad712998b338",
        "name": "PutGymProgramReport",
        "method": "PUT",
        "ret": "obj",
        "paytoqs": "ignore",
        "url": "https://virtserver.swaggerhub.com/DIMOSKOMPITSELIDIS/Team27/2.0.0/trainer/235/report/5325",
        "tls": "",
        "persist": false,
        "proxy": "",
        "insecureHTTPParser": false,
        "authType": "",
        "senderr": false,
        "headers": [],
        "x": 490,
        "y": 3640,
        "wires": [
            [
                "3d2c37de94d24660"
            ]
        ]
    },
    {
        "id": "6bd46fa3048811f3",
        "type": "inject",
        "z": "34dbad712998b338",
        "name": "Trigger",
        "props": [
            {
                "p": "payload"
            },
            {
                "p": "topic",
                "vt": "str"
            }
        ],
        "repeat": "",
        "crontab": "",
        "once": false,
        "onceDelay": 0.1,
        "topic": "",
        "payload": "",
        "payloadType": "date",
        "x": 190,
        "y": 3640,
        "wires": [
            [
                "623de0f96d422b46"
            ]
        ]
    },
    {
        "id": "58b47ee5c609d5b4",
        "type": "comment",
        "z": "34dbad712998b338",
        "name": "Edit a gym program report",
        "info": "",
        "x": 230,
        "y": 3580,
        "wires": []
    },
    {
        "id": "9693e138b373e04c",
        "type": "debug",
        "z": "34dbad712998b338",
        "name": "",
        "active": true,
        "tosidebar": true,
        "console": false,
        "tostatus": false,
        "complete": "payload",
        "targetType": "msg",
        "statusVal": "",
        "statusType": "auto",
        "x": 830,
        "y": 3380,
        "wires": []
    },
    {
        "id": "e4cb18c3f7252088",
        "type": "http request",
        "z": "34dbad712998b338",
        "name": "GetGymProgramReportsList",
        "method": "GET",
        "ret": "obj",
        "paytoqs": "ignore",
        "url": "https://virtserver.swaggerhub.com/DIMOSKOMPITSELIDIS/Team27/2.0.0/trainer/442/report",
        "tls": "",
        "persist": false,
        "proxy": "",
        "insecureHTTPParser": false,
        "authType": "",
        "senderr": false,
        "headers": [],
        "x": 500,
        "y": 3380,
        "wires": [
            [
                "9693e138b373e04c"
            ]
        ]
    },
    {
        "id": "67098063fcdbe19e",
        "type": "inject",
        "z": "34dbad712998b338",
        "name": "Trigger",
        "props": [
            {
                "p": "payload"
            },
            {
                "p": "topic",
                "vt": "str"
            }
        ],
        "repeat": "",
        "crontab": "",
        "once": false,
        "onceDelay": 0.1,
        "topic": "",
        "payload": "",
        "payloadType": "date",
        "x": 190,
        "y": 3380,
        "wires": [
            [
                "e4cb18c3f7252088"
            ]
        ]
    },
    {
        "id": "35891eefb6b38266",
        "type": "comment",
        "z": "34dbad712998b338",
        "name": "View all gym program reports",
        "info": "",
        "x": 240,
        "y": 3320,
        "wires": []
    },
    {
        "id": "eddbd3aa1065bc93",
        "type": "debug",
        "z": "34dbad712998b338",
        "name": "",
        "active": true,
        "tosidebar": true,
        "console": false,
        "tostatus": false,
        "complete": "payload",
        "targetType": "msg",
        "statusVal": "",
        "statusType": "auto",
        "x": 830,
        "y": 1780,
        "wires": []
    },
    {
        "id": "67e9c18a9f766c75",
        "type": "http request",
        "z": "34dbad712998b338",
        "name": "ReportRecipeRequiest",
        "method": "POST",
        "ret": "obj",
        "paytoqs": "ignore",
        "url": "https://virtserver.swaggerhub.com/DIMOSKOMPITSELIDIS/Team27/2.0.0/user/37/recipe/43",
        "tls": "",
        "persist": false,
        "proxy": "",
        "insecureHTTPParser": false,
        "authType": "",
        "senderr": false,
        "headers": [],
        "x": 480,
        "y": 1780,
        "wires": [
            [
                "eddbd3aa1065bc93"
            ]
        ]
    },
    {
        "id": "11210b8f0c35dc6b",
        "type": "inject",
        "z": "34dbad712998b338",
        "name": "Trigger",
        "props": [
            {
                "p": "payload"
            },
            {
                "p": "topic",
                "vt": "str"
            }
        ],
        "repeat": "",
        "crontab": "",
        "once": false,
        "onceDelay": 0.1,
        "topic": "",
        "payload": "",
        "payloadType": "date",
        "x": 190,
        "y": 1780,
        "wires": [
            [
                "67e9c18a9f766c75"
            ]
        ]
    },
    {
        "id": "ad26e40cbb31151d",
        "type": "comment",
        "z": "34dbad712998b338",
        "name": "User Report Recipe",
        "info": "",
        "x": 210,
        "y": 1700,
        "wires": []
    },
    {
        "id": "b17ed75433cae373",
        "type": "debug",
        "z": "34dbad712998b338",
        "name": "",
        "active": true,
        "tosidebar": true,
        "console": false,
        "tostatus": false,
        "complete": "payload",
        "targetType": "msg",
        "statusVal": "",
        "statusType": "auto",
        "x": 830,
        "y": 3040,
        "wires": []
    },
    {
        "id": "4736d637e4859aa1",
        "type": "http request",
        "z": "34dbad712998b338",
        "name": "UpdateRecipeRequest",
        "method": "PUT",
        "ret": "obj",
        "paytoqs": "ignore",
        "url": "https://virtserver.swaggerhub.com/DIMOSKOMPITSELIDIS/Team27/2.0.0/nutritionist/16884/recipe/15656",
        "tls": "",
        "persist": false,
        "proxy": "",
        "insecureHTTPParser": false,
        "authType": "",
        "senderr": false,
        "headers": [],
        "x": 520,
        "y": 3040,
        "wires": [
            [
                "b17ed75433cae373"
            ]
        ]
    },
    {
        "id": "bb99d928f64c4345",
        "type": "inject",
        "z": "34dbad712998b338",
        "name": "Trigger",
        "props": [
            {
                "p": "payload"
            },
            {
                "p": "topic",
                "vt": "str"
            }
        ],
        "repeat": "",
        "crontab": "",
        "once": false,
        "onceDelay": 0.1,
        "topic": "",
        "payload": "",
        "payloadType": "date",
        "x": 190,
        "y": 3040,
        "wires": [
            [
                "4736d637e4859aa1"
            ]
        ]
    },
    {
        "id": "e5dd0ac7d8b2b406",
        "type": "comment",
        "z": "34dbad712998b338",
        "name": "Nutritionist Update/Correct a Recipe",
        "info": "",
        "x": 260,
        "y": 2940,
        "wires": []
    },
    {
        "id": "38b8b57f8363de4e",
        "type": "debug",
        "z": "34dbad712998b338",
        "name": "",
        "active": true,
        "tosidebar": true,
        "console": false,
        "tostatus": false,
        "complete": "payload",
        "targetType": "msg",
        "statusVal": "",
        "statusType": "auto",
        "x": 830,
        "y": 2840,
        "wires": []
    },
    {
        "id": "93aeadb01d12e27f",
        "type": "http request",
        "z": "34dbad712998b338",
        "name": "AddRecipeRequest",
        "method": "POST",
        "ret": "obj",
        "paytoqs": "ignore",
        "url": "https://virtserver.swaggerhub.com/DIMOSKOMPITSELIDIS/Team27/2.0.0/nutritionist/516/recipe?recipeType=breakfast&imgRecipe=https%3A%2F%2Fwww.google.com%2Fimgres%3Fimgurl%3Dhttps%253A%252F%252Fcdn.apartmenttherapy.info%252Fimage%252Fupload%252Ff_jpg%252Cq_auto%253Aeco%252Cc_fill%252Cg_auto%252Cw_1500%252Car_1%253A1%252Fk%25252FPhoto%25252FRecipes%25252F2021-09-breakfast-grits%25252FNew%252520Finals%25252F2021-10-12_ATK8035%26tbnid%3DopHlWciZ2-NVsM%26vet%3D12ahUKEwjmiLzmkZj_AhUcnCcCHfrBB_sQMygDegUIARD_AQ..i%26imgrefurl%3Dhttps%253A%252F%252Fwww.thekitchn.com%252Fgrits-eggs-recipe-23228283%26docid%3DPuXF7fslX-texM%26w%3D1500%26h%3D1500%26q%3Dbreakfast%26ved%3D2ahUKEwjmiLzmkZj_AhUcnCcCHfrBB_sQMygDegUIARD_AQ&Instructions=here%20are%20the%20instrustion%20of%20making%20a%20recipe&Instructions=and%20then%20how%20to%20serve%20it&IngredientsName=egg%2C%20cheese%2C%20chicken%2C%20olive%20oil&NutritionalTable=423kcal&NutritionalTable=50g%20protein&NutritionalTable=43g%20fat&IngredientsQuantity=2%20eggs&IngredientsQuantity=500g%20chicken&IngredientsQuantity=2%20slices%20of%20cheese&time=15&difficulty=easy&servings=2",
        "tls": "",
        "persist": false,
        "proxy": "",
        "insecureHTTPParser": false,
        "authType": "",
        "senderr": false,
        "headers": [],
        "x": 510,
        "y": 2840,
        "wires": [
            [
                "38b8b57f8363de4e"
            ]
        ]
    },
    {
        "id": "a33b65a3c2855c83",
        "type": "inject",
        "z": "34dbad712998b338",
        "name": "Trigger",
        "props": [
            {
                "p": "payload"
            },
            {
                "p": "topic",
                "vt": "str"
            }
        ],
        "repeat": "",
        "crontab": "",
        "once": false,
        "onceDelay": 0.1,
        "topic": "",
        "payload": "",
        "payloadType": "date",
        "x": 190,
        "y": 2840,
        "wires": [
            [
                "93aeadb01d12e27f"
            ]
        ]
    },
    {
        "id": "5798132c3cb06b8c",
        "type": "comment",
        "z": "34dbad712998b338",
        "name": "Nutritionist Add a Recipe",
        "info": "",
        "x": 230,
        "y": 2760,
        "wires": []
    },
    {
        "id": "4797c4ebfab0b9bb",
        "type": "debug",
        "z": "34dbad712998b338",
        "name": "",
        "active": true,
        "tosidebar": true,
        "console": false,
        "tostatus": false,
        "complete": "payload",
        "targetType": "msg",
        "statusVal": "",
        "statusType": "auto",
        "x": 830,
        "y": 3240,
        "wires": []
    },
    {
        "id": "0b9fefe721fc45da",
        "type": "http request",
        "z": "34dbad712998b338",
        "name": "DeleteRecipeRequest",
        "method": "DELETE",
        "ret": "obj",
        "paytoqs": "ignore",
        "url": "https://virtserver.swaggerhub.com/DIMOSKOMPITSELIDIS/Team27/2.0.0/nutritionist/156/recipe/156151",
        "tls": "",
        "persist": false,
        "proxy": "",
        "insecureHTTPParser": false,
        "authType": "",
        "senderr": false,
        "headers": [],
        "x": 480,
        "y": 3240,
        "wires": [
            [
                "4797c4ebfab0b9bb"
            ]
        ]
    },
    {
        "id": "fc932a87fd595726",
        "type": "inject",
        "z": "34dbad712998b338",
        "name": "Trigger",
        "props": [
            {
                "p": "payload"
            },
            {
                "p": "topic",
                "vt": "str"
            }
        ],
        "repeat": "",
        "crontab": "",
        "once": false,
        "onceDelay": 0.1,
        "topic": "",
        "payload": "",
        "payloadType": "date",
        "x": 190,
        "y": 3240,
        "wires": [
            [
                "0b9fefe721fc45da"
            ]
        ]
    },
    {
        "id": "fea3b9dfc8761a45",
        "type": "comment",
        "z": "34dbad712998b338",
        "name": "Nutritionist Delete a Recipe",
        "info": "",
        "x": 230,
        "y": 3140,
        "wires": []
    },
    {
        "id": "376adcb395347a9e",
        "type": "comment",
        "z": "34dbad712998b338",
        "name": "Input profile details",
        "info": "",
        "x": 210,
        "y": 400,
        "wires": []
    },
    {
        "id": "dfa34a3ae3d1bff5",
        "type": "inject",
        "z": "34dbad712998b338",
        "name": "Trigger",
        "props": [
            {
                "p": "payload"
            },
            {
                "p": "topic",
                "vt": "str"
            }
        ],
        "repeat": "",
        "crontab": "",
        "once": false,
        "onceDelay": 0.1,
        "topic": "",
        "payload": "",
        "payloadType": "date",
        "x": 190,
        "y": 480,
        "wires": [
            [
                "c948b3b9d12af71d"
            ]
        ]
    },
    {
        "id": "c948b3b9d12af71d",
        "type": "http request",
        "z": "34dbad712998b338",
        "name": "POST user details",
        "method": "POST",
        "ret": "txt",
        "paytoqs": "ignore",
        "url": "https://virtserver.swaggerhub.com/DIMOSKOMPITSELIDIS/Team27/2.0.0/user/453?birthday=2000-04-04T16%3A00%3A00.00&gender=Male&height=175&weight=65&level=High&goal=Endurance",
        "tls": "",
        "persist": false,
        "proxy": "",
        "insecureHTTPParser": false,
        "authType": "",
        "senderr": false,
        "headers": [],
        "x": 470,
        "y": 480,
        "wires": [
            [
                "6e9705d21f9d46ab"
            ]
        ]
    },
    {
        "id": "6e9705d21f9d46ab",
        "type": "debug",
        "z": "34dbad712998b338",
        "name": "msg.payload",
        "active": true,
        "tosidebar": true,
        "console": false,
        "tostatus": false,
        "complete": "payload",
        "targetType": "msg",
        "statusVal": "",
        "statusType": "auto",
        "x": 830,
        "y": 480,
        "wires": []
    },
    {
        "id": "087df4074ccbfd90",
        "type": "comment",
        "z": "34dbad712998b338",
        "name": "View Recipes",
        "info": "",
        "x": 190,
        "y": 720,
        "wires": []
    },
    {
        "id": "a584aa40ac5f5e62",
        "type": "comment",
        "z": "34dbad712998b338",
        "name": "View Recipe Information",
        "info": "",
        "x": 230,
        "y": 880,
        "wires": []
    },
    {
        "id": "3e86faf4170d9d4c",
        "type": "comment",
        "z": "34dbad712998b338",
        "name": "Report gym program",
        "info": "",
        "x": 210,
        "y": 1500,
        "wires": []
    },
    {
        "id": "952ecf4b36248607",
        "type": "inject",
        "z": "34dbad712998b338",
        "name": "Trigger",
        "props": [
            {
                "p": "payload"
            },
            {
                "p": "topic",
                "vt": "str"
            }
        ],
        "repeat": "",
        "crontab": "",
        "once": false,
        "onceDelay": 0.1,
        "topic": "",
        "payload": "",
        "payloadType": "date",
        "x": 190,
        "y": 800,
        "wires": [
            [
                "e02e6d14a61245db"
            ]
        ]
    },
    {
        "id": "e02e6d14a61245db",
        "type": "http request",
        "z": "34dbad712998b338",
        "name": "GET All recipes",
        "method": "GET",
        "ret": "txt",
        "paytoqs": "ignore",
        "url": "https://virtserver.swaggerhub.com/DIMOSKOMPITSELIDIS/Team27/2.0.0/user/37/recipe",
        "tls": "",
        "persist": false,
        "proxy": "",
        "insecureHTTPParser": false,
        "authType": "",
        "senderr": false,
        "headers": [],
        "x": 460,
        "y": 800,
        "wires": [
            [
                "7fdc9424a4775fc7"
            ]
        ]
    },
    {
        "id": "7fdc9424a4775fc7",
        "type": "debug",
        "z": "34dbad712998b338",
        "name": "msg.payload",
        "active": true,
        "tosidebar": true,
        "console": false,
        "tostatus": false,
        "complete": "payload",
        "targetType": "msg",
        "statusVal": "",
        "statusType": "auto",
        "x": 830,
        "y": 800,
        "wires": []
    },
    {
        "id": "adb04b72d24ecaba",
        "type": "inject",
        "z": "34dbad712998b338",
        "name": "Trigger",
        "props": [
            {
                "p": "payload"
            },
            {
                "p": "topic",
                "vt": "str"
            }
        ],
        "repeat": "",
        "crontab": "",
        "once": false,
        "onceDelay": 0.1,
        "topic": "",
        "payload": "",
        "payloadType": "date",
        "x": 190,
        "y": 960,
        "wires": [
            [
                "2b6b6c87987ae579"
            ]
        ]
    },
    {
        "id": "2b6b6c87987ae579",
        "type": "http request",
        "z": "34dbad712998b338",
        "name": "GET recipe information",
        "method": "GET",
        "ret": "txt",
        "paytoqs": "ignore",
        "url": "https://virtserver.swaggerhub.com/DIMOSKOMPITSELIDIS/Team27/2.0.0/user/37/recipe/85",
        "tls": "",
        "persist": false,
        "proxy": "",
        "insecureHTTPParser": false,
        "authType": "",
        "senderr": false,
        "headers": [],
        "x": 490,
        "y": 960,
        "wires": [
            [
                "45acddfb696d04ea"
            ]
        ]
    },
    {
        "id": "45acddfb696d04ea",
        "type": "debug",
        "z": "34dbad712998b338",
        "name": "msg.payload",
        "active": true,
        "tosidebar": true,
        "console": false,
        "tostatus": false,
        "complete": "payload",
        "targetType": "msg",
        "statusVal": "",
        "statusType": "auto",
        "x": 830,
        "y": 960,
        "wires": []
    },
    {
        "id": "422075882d143431",
        "type": "inject",
        "z": "34dbad712998b338",
        "name": "Trigger",
        "props": [
            {
                "p": "payload"
            },
            {
                "p": "topic",
                "vt": "str"
            }
        ],
        "repeat": "",
        "crontab": "",
        "once": false,
        "onceDelay": 0.1,
        "topic": "",
        "payload": "",
        "payloadType": "date",
        "x": 190,
        "y": 1600,
        "wires": [
            [
                "8600436962418624"
            ]
        ]
    },
    {
        "id": "8600436962418624",
        "type": "http request",
        "z": "34dbad712998b338",
        "name": "POST gym program report",
        "method": "POST",
        "ret": "txt",
        "paytoqs": "ignore",
        "url": "https://virtserver.swaggerhub.com/DIMOSKOMPITSELIDIS/Team27/2.0.0/user/456/gymprogram",
        "tls": "",
        "persist": false,
        "proxy": "",
        "insecureHTTPParser": false,
        "authType": "",
        "senderr": false,
        "headers": [],
        "x": 500,
        "y": 1600,
        "wires": [
            [
                "6d09ca5c90cf67ae"
            ]
        ]
    },
    {
        "id": "6d09ca5c90cf67ae",
        "type": "debug",
        "z": "34dbad712998b338",
        "name": "msg.payload",
        "active": true,
        "tosidebar": true,
        "console": false,
        "tostatus": false,
        "complete": "payload",
        "targetType": "msg",
        "statusVal": "",
        "statusType": "auto",
        "x": 830,
        "y": 1600,
        "wires": []
    },
    {
        "id": "21ab61731c6d3449",
        "type": "http request",
        "z": "34dbad712998b338",
        "name": "PUT user details",
        "method": "PUT",
        "ret": "txt",
        "paytoqs": "ignore",
        "url": "https://virtserver.swaggerhub.com/DIMOSKOMPITSELIDIS/Team27/2.0.0/user/456?height=180&weight=75&level=High&goal=Endurance",
        "tls": "",
        "persist": false,
        "proxy": "",
        "insecureHTTPParser": false,
        "authType": "",
        "senderr": false,
        "headers": [],
        "x": 450,
        "y": 640,
        "wires": [
            [
                "17bc2a42adf7cb1f"
            ]
        ]
    },
    {
        "id": "2fb0f9d67097894f",
        "type": "inject",
        "z": "34dbad712998b338",
        "name": "Trigger",
        "props": [
            {
                "p": "payload"
            },
            {
                "p": "topic",
                "vt": "str"
            }
        ],
        "repeat": "",
        "crontab": "",
        "once": false,
        "onceDelay": 0.1,
        "topic": "",
        "payload": "",
        "payloadType": "date",
        "x": 180,
        "y": 640,
        "wires": [
            [
                "21ab61731c6d3449"
            ]
        ]
    },
    {
        "id": "17bc2a42adf7cb1f",
        "type": "debug",
        "z": "34dbad712998b338",
        "name": "msg.payload",
        "active": true,
        "tosidebar": true,
        "console": false,
        "tostatus": false,
        "complete": "payload",
        "targetType": "msg",
        "statusVal": "",
        "statusType": "auto",
        "x": 830,
        "y": 640,
        "wires": []
    },
    {
        "id": "f5307829bfbad656",
        "type": "comment",
        "z": "34dbad712998b338",
        "name": "Update profile details",
        "info": "",
        "x": 210,
        "y": 560,
        "wires": []
    },
    {
        "id": "3ecae917eee455e5",
        "type": "http request",
        "z": "34dbad712998b338",
        "name": "GET user details",
        "method": "GET",
        "ret": "txt",
        "paytoqs": "ignore",
        "url": "https://virtserver.swaggerhub.com/DIMOSKOMPITSELIDIS/Team27/2.0.0/user/453",
        "tls": "",
        "persist": false,
        "proxy": "",
        "insecureHTTPParser": false,
        "authType": "",
        "senderr": false,
        "headers": [],
        "x": 470,
        "y": 320,
        "wires": [
            [
                "5c266e08cfd32973"
            ]
        ]
    },
    {
        "id": "7dc4c879e48f0a4f",
        "type": "inject",
        "z": "34dbad712998b338",
        "name": "Trigger",
        "props": [
            {
                "p": "payload"
            },
            {
                "p": "topic",
                "vt": "str"
            }
        ],
        "repeat": "",
        "crontab": "",
        "once": false,
        "onceDelay": 0.1,
        "topic": "",
        "payload": "",
        "payloadType": "date",
        "x": 190,
        "y": 320,
        "wires": [
            [
                "3ecae917eee455e5"
            ]
        ]
    },
    {
        "id": "5c266e08cfd32973",
        "type": "debug",
        "z": "34dbad712998b338",
        "name": "msg.payload",
        "active": true,
        "tosidebar": true,
        "console": false,
        "tostatus": false,
        "complete": "payload",
        "targetType": "msg",
        "statusVal": "",
        "statusType": "auto",
        "x": 830,
        "y": 320,
        "wires": []
    },
    {
        "id": "049a33e5e15cf762",
        "type": "comment",
        "z": "34dbad712998b338",
        "name": "View profile details",
        "info": "",
        "x": 210,
        "y": 260,
        "wires": []
    },
    {
        "id": "fc7d2d531a53737f",
        "type": "debug",
        "z": "34dbad712998b338",
        "name": "",
        "active": true,
        "tosidebar": true,
        "console": false,
        "tostatus": false,
        "complete": "payload",
        "targetType": "msg",
        "statusVal": "",
        "statusType": "auto",
        "x": 830,
        "y": 2680,
        "wires": []
    },
    {
        "id": "2a34f26c834250e3",
        "type": "http request",
        "z": "34dbad712998b338",
        "name": "GetRecipeRequest",
        "method": "GET",
        "ret": "obj",
        "paytoqs": "ignore",
        "url": "https://virtserver.swaggerhub.com/DIMOSKOMPITSELIDIS/Team27/2.0.0/nutritionist/735/recipe/28",
        "tls": "",
        "persist": false,
        "proxy": "",
        "insecureHTTPParser": false,
        "authType": "",
        "senderr": false,
        "headers": [],
        "x": 470,
        "y": 2680,
        "wires": [
            [
                "fc7d2d531a53737f"
            ]
        ]
    },
    {
        "id": "c7a5197cff786f94",
        "type": "inject",
        "z": "34dbad712998b338",
        "name": "Trigger",
        "props": [
            {
                "p": "payload"
            },
            {
                "p": "topic",
                "vt": "str"
            }
        ],
        "repeat": "",
        "crontab": "",
        "once": false,
        "onceDelay": 0.1,
        "topic": "",
        "payload": "",
        "payloadType": "date",
        "x": 190,
        "y": 2680,
        "wires": [
            [
                "2a34f26c834250e3"
            ]
        ]
    },
    {
        "id": "67f97bbfb6a3a131",
        "type": "comment",
        "z": "34dbad712998b338",
        "name": "Nutritionist  View recipe",
        "info": "",
        "x": 220,
        "y": 2600,
        "wires": []
    }
]